"id","platform","status","characterCount","hook","content","hashtags","mediaDirection"
"70159760-ace7-4c6e-8e47-2fbec5bfc854-facebook","facebook","draft","475","If you searched for ""fitness app that reviews your day for ai personal trainer accountability"", this is the part most apps miss.","If you searched for ""fitness app that reviews your day for ai personal trainer accountability"", this is the part most apps miss.

The real value is a feedback loop: plan the workout, review what happened, and adapt the next step. IZEM is built around accountability calls, day review, and weekly workout plus meal plan updates.

Read the draft: /blog/fitness-app-that-reviews-your-day-for-ai-personal-trainer-accountability

#AIFitness #PersonalTrainer #WorkoutAccountability","#AIFitness #PersonalTrainer #WorkoutAccountability","Simple branded visual showing the loop: Call -> Review -> Adapt."
"7dbaaace-f484-4b59-b674-4982af7e73ec-instagram","instagram","draft","400","If you searched for ""fitness app that reviews your day for ai personal trainer accountability"", this is the part most apps miss.","If you searched for ""fitness app that reviews your day for ai personal trainer accountability"", this is the part most apps miss.

Static plans do not know when your day fell apart. A better coaching loop checks in, learns what happened, and adjusts the next move.

Save this if consistency is your main fitness problem.

#AIFitness #PersonalTrainer #WorkoutAccountability #FitnessJourney #WorkoutPlan","#AIFitness #PersonalTrainer #WorkoutAccountability #FitnessJourney #WorkoutPlan","Simple branded visual showing the loop: Call -> Review -> Adapt."
"bf56bd3a-9cca-4172-a785-9977e1b34f74-tiktok","tiktok","draft","313","POV: your fitness app actually checks in.","POV: your fitness app actually checks in.

Scene 1: You missed yesterday's workout.
Scene 2: Instead of guilt, your AI coach asks what happened.
Scene 3: Your week adjusts around real life.

CTA on screen: Stop relying on reminders.

#AIFitness #PersonalTrainer #WorkoutAccountability #FitnessJourney #WorkoutPlan","#AIFitness #PersonalTrainer #WorkoutAccountability #FitnessJourney #WorkoutPlan","Short vertical video with call/check-in, calendar adjustment, and workout plan screen beats."
"a31a3030-546d-43f2-a07d-046c861b4ad9-youtube_shorts","youtube_shorts","draft","332","POV: your fitness app actually checks in.","POV: your fitness app actually checks in.

Short script:
1. Open with the missed-workout problem.
2. Show how reminders fail when the plan no longer fits.
3. Explain the IZEM loop: call, review the day, adapt the week.
4. End with: ""Fitness plans should change when life changes.""

#AIFitness #PersonalTrainer #WorkoutAccountability","#AIFitness #PersonalTrainer #WorkoutAccountability","Short vertical video with call/check-in, calendar adjustment, and workout plan screen beats."
"2bf94995-6eac-4cfa-8a3d-587f24f4fbf5-linkedin","linkedin","draft","549","Most fitness apps stop at reminders. Fitness App That Reviews Your Day For Ai Personal Trainer Accountability: What To Look For Before You Choose looks at what comes next.","Most fitness apps stop at reminders. Fitness App That Reviews Your Day For Ai Personal Trainer Accountability: What To Look For Before You Choose looks at what comes next.

A useful AI fitness product should do more than generate a plan. It should close the loop between intention and behavior:

- What was planned?
- What actually happened?
- What got in the way?
- What should change next week?

That is the product direction behind IZEM: accountability calls, day review, and adaptive workout plus meal planning.

#FitnessTech #AI #BehaviorChange","#FitnessTech #AI #BehaviorChange","Simple branded visual showing the loop: Call -> Review -> Adapt."
"63cb36a7-1e19-41dd-a301-730bf16bb869-x","x","draft","199","A fitness reminder is easy to ignore.","A fitness reminder is easy to ignore.

Better loop:
plan workout -> call/check-in -> review the day -> adapt next week.

That is the difference between reminders and coaching.

#AIFitness #FitnessApp","#AIFitness #FitnessApp","Simple branded visual showing the loop: Call -> Review -> Adapt."
"28a1077e-9d9c-4976-9a7f-4e59a3b56659-threads","threads","draft","322","If you searched for ""fitness app that reviews your day for ai personal trainer accountability"", this is the part most apps miss.","If you searched for ""fitness app that reviews your day for ai personal trainer accountability"", this is the part most apps miss.

Most people do not need more exercises. They need a plan that notices when real life changes and adjusts without turning fitness into guilt.

#AIFitness #PersonalTrainer #WorkoutAccountability","#AIFitness #PersonalTrainer #WorkoutAccountability","Simple branded visual showing the loop: Call -> Review -> Adapt."